Ticket ID,เขต,ประเภทหลัก,งานย่อย,ฝ่าย,Severity,เวลากายภาพทำนาย (วัน),Pop Density,Public Impact Score,กลุ่มปฏิบัติการ,Priority
TK-10936,ป้อมปราบศัตรูพ่าย,ไฟฟ้า,เสาไฟเอียง,การไฟฟ้านครหลวง,5,6.31,20357.3,31.55,Critical Urgent (Priority 1),1
TK-10916,ป้อมปราบศัตรูพ่าย,ท่อระบายน้ำ,ท่อระบายน้ำอุดตัน,สำนักการระบายน้ำ,5,6.21,20357.3,31.05,Critical Urgent (Priority 1),1
TK-10979,ป้อมปราบศัตรูพ่าย,ท่อระบายน้ำ,ฝาท่อชำรุด,สำนักการระบายน้ำ,4,6.2,20357.3,24.8,Critical Urgent (Priority 1),1
TK-10896,ป้อมปราบศัตรูพ่าย,ท่อระบายน้ำ,น้ำล้นผิวถนน,สำนักการระบายน้ำ,4,6.1,20357.3,24.4,Critical Urgent (Priority 1),1
TK-10803,ป้อมปราบศัตรูพ่าย,จราจร,เส้นจราจรเลือนราง,สำนักการจราจรและขนส่ง,4,5.78,20357.3,23.12,Critical Urgent (Priority 1),1
TK-10935,ป้อมปราบศัตรูพ่าย,จราจร,เส้นจราจรเลือนราง,สำนักการจราจรและขนส่ง,4,5.78,20357.3,23.12,Critical Urgent (Priority 1),1
TK-10956,สัมพันธวงศ์,ไฟฟ้า,สายไฟห้อยระโยงระยาง,การไฟฟ้านครหลวง,5,6.31,14242.9,22.69,Critical Urgent (Priority 1),1
TK-10999,ดินแดง,จราจร,ป้ายจราจรชำรุด,สำนักการจราจรและขนส่ง,5,6.35,13293.3,21.45,Critical Urgent (Priority 1),1
TK-10827,สัมพันธวงศ์,ท่อระบายน้ำ,ฝาท่อชำรุด,สำนักการระบายน้ำ,5,5.87,14242.9,21.11,Critical Urgent (Priority 1),1
TK-10984,ดินแดง,ท่อระบายน้ำ,น้ำล้นผิวถนน,สำนักการระบายน้ำ,5,6.19,13293.3,20.91,Critical Urgent (Priority 1),1
TK-10919,ดินแดง,ท่อระบายน้ำ,น้ำล้นผิวถนน,สำนักการระบายน้ำ,5,6.11,13293.3,20.64,Critical Urgent (Priority 1),1
TK-10945,ป้อมปราบศัตรูพ่าย,ไฟฟ้า,ไฟฟ้าส่องสว่างดับ,การไฟฟ้านครหลวง,3,6.79,20357.3,20.37,Critical Urgent (Priority 1),1
TK-10921,ดินแดง,ท่อระบายน้ำ,ท่อระบายน้ำอุดตัน,สำนักการระบายน้ำ,5,5.96,13293.3,20.13,Critical Urgent (Priority 1),1
TK-10813,สัมพันธวงศ์,จราจร,สัญญาณไฟจราจรเสีย,สำนักการจราจรและขนส่ง,4,6.26,14242.9,18.01,Critical Urgent (Priority 1),1
TK-10882,ดินแดง,ไฟฟ้า,ไฟฟ้าส่องสว่างดับ,การไฟฟ้านครหลวง,4,6.53,13293.3,17.64,Critical Urgent (Priority 1),1
TK-10962,ดินแดง,ถนน,ผิวถนนชำรุด,ฝ่ายโยธา,4,6.36,13293.3,17.18,Critical Urgent (Priority 1),1
TK-10939,ดินแดง,ไฟฟ้า,ไฟฟ้าส่องสว่างดับ,การไฟฟ้านครหลวง,4,6.31,13293.3,17.05,Critical Urgent (Priority 1),1
TK-10865,สัมพันธวงศ์,ถนน,ถนนเป็นหลุมบ่อ,ฝ่ายโยธา,4,5.87,14242.9,16.88,Critical Urgent (Priority 1),1
TK-10869,ป้อมปราบศัตรูพ่าย,ถนน,ผิวถนนชำรุด,ฝ่ายโยธา,3,5.54,20357.3,16.62,Critical Urgent (Priority 1),1
TK-10993,ป้อมปราบศัตรูพ่าย,ความสะอาด,ตัดแต่งกิ่งไม้,ฝ่ายรักษาความสะอาดฯ,4,3.78,20357.3,15.12,Quick Win,2
TK-10981,ป้อมปราบศัตรูพ่าย,ทางเท้า,ทางเท้าทรุด,ฝ่ายโยธา,4,3.37,20357.3,13.48,Quick Win,2
TK-10872,บางรัก,ท่อระบายน้ำ,น้ำล้นผิวถนน,สำนักการระบายน้ำ,5,6.22,7932.4,13.35,Critical Urgent (Priority 1),1
TK-10850,ป้อมปราบศัตรูพ่าย,ทางเท้า,ทางเท้าทรุด,ฝ่ายโยธา,4,3.3,20357.3,13.2,Quick Win,2
TK-10959,ดินแดง,ถนน,ถนนทรุดตัว,ฝ่ายโยธา,3,6.39,13293.3,12.95,Critical Urgent (Priority 1),1
TK-10927,ป้อมปราบศัตรูพ่าย,ไฟฟ้า,ไฟฟ้าส่องสว่างดับ,การไฟฟ้านครหลวง,2,6.4,20357.3,12.8,Critical Urgent (Priority 1),1
TK-10929,สัมพันธวงศ์,ถนน,ถนนทรุดตัว,ฝ่ายโยธา,3,5.92,14242.9,12.77,Critical Urgent (Priority 1),1
TK-10948,ดินแดง,ไฟฟ้า,ไฟฟ้าส่องสว่างดับ,การไฟฟ้านครหลวง,3,6.28,13293.3,12.73,Critical Urgent (Priority 1),1
TK-10893,สัมพันธวงศ์,ไฟฟ้า,สายไฟห้อยระโยงระยาง,การไฟฟ้านครหลวง,3,5.88,14242.9,12.68,Critical Urgent (Priority 1),1
TK-10912,บางรัก,จราจร,ป้ายจราจรชำรุด,สำนักการจราจรและขนส่ง,5,5.87,7932.4,12.6,Critical Urgent (Priority 1),1
TK-10867,สัมพันธวงศ์,จราจร,ป้ายจราจรชำรุด,สำนักการจราจรและขนส่ง,3,5.82,14242.9,12.56,Critical Urgent (Priority 1),1
TK-10824,สัมพันธวงศ์,ถนน,ผิวถนนชำรุด,ฝ่ายโยธา,3,5.78,14242.9,12.47,Critical Urgent (Priority 1),1
TK-10928,คลองเตย,ท่อระบายน้ำ,น้ำล้นผิวถนน,สำนักการระบายน้ำ,5,6.46,6960.6,12.42,Critical Urgent (Priority 1),1
TK-10884,ป้อมปราบศัตรูพ่าย,ทางเท้า,กระเบื้องแตก,ฝ่ายโยธา,3,4.01,20357.3,12.03,Critical Urgent (Priority 1),1
TK-10861,คลองเตย,จราจร,ป้ายจราจรชำรุด,สำนักการจราจรและขนส่ง,5,6.22,6960.6,11.96,Critical Urgent (Priority 1),1
TK-10800,สัมพันธวงศ์,ทางเท้า,ทางเท้าทรุด,ฝ่ายโยธา,5,3.27,14242.9,11.76,Quick Win,2
TK-10933,คลองเตย,ถนน,ผิวถนนชำรุด,ฝ่ายโยธา,5,6.1,6960.6,11.73,Critical Urgent (Priority 1),1
TK-10903,ดินแดง,ท่อระบายน้ำ,ท่อระบายน้ำอุดตัน,สำนักการระบายน้ำ,3,5.71,13293.3,11.57,Critical Urgent (Priority 1),1
TK-10961,ป้อมปราบศัตรูพ่าย,ท่อระบายน้ำ,ท่อระบายน้ำอุดตัน,สำนักการระบายน้ำ,2,5.71,20357.3,11.42,Critical Urgent (Priority 1),1
TK-10942,วัฒนา,ท่อระบายน้ำ,น้ำล้นผิวถนน,สำนักการระบายน้ำ,5,6.34,6432.9,11.42,Critical Urgent (Priority 1),1
TK-10845,วัฒนา,ไฟฟ้า,สายไฟห้อยระโยงระยาง,การไฟฟ้านครหลวง,5,6.26,6432.9,11.28,Critical Urgent (Priority 1),1
TK-10932,ดินแดง,ความสะอาด,กวาดล้างทำความสะอาด,ฝ่ายรักษาความสะอาดฯ,5,3.29,13293.3,11.11,Quick Win,2
TK-10842,ดินแดง,ความสะอาด,ขยะตกค้าง,ฝ่ายรักษาความสะอาดฯ,5,3.29,13293.3,11.11,Quick Win,2
TK-10843,ป้อมปราบศัตรูพ่าย,ถนน,ผิวถนนชำรุด,ฝ่ายโยธา,2,5.43,20357.3,10.86,Critical Urgent (Priority 1),1
TK-10822,ป้อมปราบศัตรูพ่าย,ทางเท้า,กระเบื้องแตก,ฝ่ายโยธา,3,3.62,20357.3,10.86,Quick Win,2
TK-10856,วัฒนา,ท่อระบายน้ำ,น้ำล้นผิวถนน,สำนักการระบายน้ำ,5,5.97,6432.9,10.75,Critical Urgent (Priority 1),1
TK-10858,บางรัก,ท่อระบายน้ำ,ท่อระบายน้ำอุดตัน,สำนักการระบายน้ำ,4,6.17,7932.4,10.59,Critical Urgent (Priority 1),1
TK-10941,ดินแดง,ทางเท้า,ทางเท้าทรุด,ฝ่ายโยธา,5,3.13,13293.3,10.57,Quick Win,2
TK-10991,ป้อมปราบศัตรูพ่าย,ความสะอาด,ตัดแต่งกิ่งไม้,ฝ่ายรักษาความสะอาดฯ,3,3.52,20357.3,10.56,Quick Win,2
TK-10855,ป้อมปราบศัตรูพ่าย,ความสะอาด,ขยะตกค้าง,ฝ่ายรักษาความสะอาดฯ,3,3.51,20357.3,10.53,Quick Win,2
TK-10957,วัฒนา,ท่อระบายน้ำ,ท่อระบายน้ำอุดตัน,สำนักการระบายน้ำ,5,5.77,6432.9,10.39,Critical Urgent (Priority 1),1
TK-10970,ดินแดง,ทางเท้า,กระเบื้องแตก,ฝ่ายโยธา,5,3.01,13293.3,10.17,Quick Win,2
TK-10940,บางรัก,ไฟฟ้า,ไฟฟ้าส่องสว่างดับ,การไฟฟ้านครหลวง,4,5.89,7932.4,10.11,Critical Urgent (Priority 1),1
TK-10905,คลองเตย,ท่อระบายน้ำ,ท่อระบายน้ำอุดตัน,สำนักการระบายน้ำ,4,6.08,6960.6,9.35,Critical Urgent (Priority 1),1
TK-10809,คลองเตย,ไฟฟ้า,เสาไฟเอียง,การไฟฟ้านครหลวง,4,6.04,6960.6,9.29,Critical Urgent (Priority 1),1
TK-10804,จตุจักร,ท่อระบายน้ำ,น้ำล้นผิวถนน,สำนักการระบายน้ำ,5,6.58,4673.4,9.19,Critical Urgent (Priority 1),1
TK-10875,จตุจักร,ไฟฟ้า,สายไฟห้อยระโยงระยาง,การไฟฟ้านครหลวง,5,6.47,4673.4,9.04,Critical Urgent (Priority 1),1
TK-10925,คลองเตย,ไฟฟ้า,สายไฟห้อยระโยงระยาง,การไฟฟ้านครหลวง,4,5.88,6960.6,9.04,Critical Urgent (Priority 1),1
TK-10854,จตุจักร,ไฟฟ้า,เสาไฟเอียง,การไฟฟ้านครหลวง,5,6.45,4673.4,9.01,Critical Urgent (Priority 1),1
TK-10891,สัมพันธวงศ์,ท่อระบายน้ำ,น้ำล้นผิวถนน,สำนักการระบายน้ำ,2,6.21,14242.9,8.93,Critical Urgent (Priority 1),1
TK-10992,ดินแดง,ถนน,ถนนเป็นหลุมบ่อ,ฝ่ายโยธา,2,6.54,13293.3,8.84,Critical Urgent (Priority 1),1
TK-10818,บางแค,ไฟฟ้า,เสาไฟเอียง,การไฟฟ้านครหลวง,5,6.67,4324.6,8.78,Critical Urgent (Priority 1),1
TK-10894,วัฒนา,ถนน,ถนนเป็นหลุมบ่อ,ฝ่ายโยธา,4,6.04,6432.9,8.7,Critical Urgent (Priority 1),1
TK-10814,สัมพันธวงศ์,ทางเท้า,สิ่งกีดขวางบนทางเท้า,ฝ่ายโยธา,4,3.02,14242.9,8.69,Quick Win,2
TK-10812,คลองเตย,ท่อระบายน้ำ,ท่อระบายน้ำอุดตัน,สำนักการระบายน้ำ,4,5.64,6960.6,8.67,Critical Urgent (Priority 1),1
TK-10895,คลองเตย,ท่อระบายน้ำ,ฝาท่อชำรุด,สำนักการระบายน้ำ,4,5.59,6960.6,8.6,Critical Urgent (Priority 1),1
TK-10908,วัฒนา,ท่อระบายน้ำ,น้ำล้นผิวถนน,สำนักการระบายน้ำ,4,5.92,6432.9,8.53,Critical Urgent (Priority 1),1
TK-10976,ดินแดง,ความสะอาด,กวาดล้างทำความสะอาด,ฝ่ายรักษาความสะอาดฯ,4,3.15,13293.3,8.51,Quick Win,2
TK-10972,สัมพันธวงศ์,จราจร,ป้ายจราจรชำรุด,สำนักการจราจรและขนส่ง,2,5.89,14242.9,8.47,Critical Urgent (Priority 1),1
TK-10990,ดินแดง,ไฟฟ้า,เสาไฟเอียง,การไฟฟ้านครหลวง,2,6.27,13293.3,8.47,Critical Urgent (Priority 1),1
TK-10828,บางแค,ไฟฟ้า,เสาไฟเอียง,การไฟฟ้านครหลวง,5,6.36,4324.6,8.38,Critical Urgent (Priority 1),1
TK-10835,ดินแดง,จราจร,เส้นจราจรเลือนราง,สำนักการจราจรและขนส่ง,2,6.08,13293.3,8.21,Critical Urgent (Priority 1),1
TK-10996,บางแค,ไฟฟ้า,เสาไฟเอียง,การไฟฟ้านครหลวง,5,6.23,4324.6,8.21,Critical Urgent (Priority 1),1
TK-10910,สัมพันธวงศ์,ถนน,ถนนเป็นหลุมบ่อ,ฝ่ายโยธา,2,5.64,14242.9,8.11,Critical Urgent (Priority 1),1
TK-10967,จตุจักร,ถนน,ผิวถนนชำรุด,ฝ่ายโยธา,5,5.7,4673.4,7.96,Scheduled Project,3
TK-10943,คลองเตย,ความสะอาด,ตัดแต่งกิ่งไม้,ฝ่ายรักษาความสะอาดฯ,5,4.03,6960.6,7.75,Scheduled Project,3
TK-10950,วัฒนา,ท่อระบายน้ำ,น้ำล้นผิวถนน,สำนักการระบายน้ำ,3,7.14,6432.9,7.72,Scheduled Project,3
TK-10826,บางรัก,ท่อระบายน้ำ,ฝาท่อชำรุด,สำนักการระบายน้ำ,3,5.84,7932.4,7.52,Scheduled Project,3
TK-10969,บางรัก,ไฟฟ้า,สายไฟห้อยระโยงระยาง,การไฟฟ้านครหลวง,3,5.82,7932.4,7.49,Scheduled Project,3
TK-10995,บางรัก,ความสะอาด,ขยะตกค้าง,ฝ่ายรักษาความสะอาดฯ,5,3.43,7932.4,7.36,Routine Maintenance,4
TK-10915,จตุจักร,ท่อระบายน้ำ,น้ำล้นผิวถนน,สำนักการระบายน้ำ,4,6.54,4673.4,7.31,Scheduled Project,3
TK-10909,คลองเตย,ไฟฟ้า,สายไฟห้อยระโยงระยาง,การไฟฟ้านครหลวง,3,6.31,6960.6,7.28,Scheduled Project,3
TK-10840,คลองเตย,ความสะอาด,ขยะตกค้าง,ฝ่ายรักษาความสะอาดฯ,5,3.78,6960.6,7.27,Routine Maintenance,4
TK-10918,บางรัก,ทางเท้า,กระเบื้องแตก,ฝ่ายโยธา,5,3.35,7932.4,7.19,Routine Maintenance,4
TK-10934,จตุจักร,ไฟฟ้า,สายไฟห้อยระโยงระยาง,การไฟฟ้านครหลวง,4,6.15,4673.4,6.87,Scheduled Project,3
TK-10857,จตุจักร,จราจร,เส้นจราจรเลือนราง,สำนักการจราจรและขนส่ง,4,6.12,4673.4,6.84,Scheduled Project,3
TK-10833,คลองเตย,ถนน,ถนนทรุดตัว,ฝ่ายโยธา,3,5.92,6960.6,6.83,Scheduled Project,3
TK-10852,ป้อมปราบศัตรูพ่าย,ความสะอาด,ขยะตกค้าง,ฝ่ายรักษาความสะอาดฯ,2,3.41,20357.3,6.82,Routine Maintenance,4
TK-10954,คลองเตย,จราจร,เส้นจราจรเลือนราง,สำนักการจราจรและขนส่ง,3,5.65,6960.6,6.52,Scheduled Project,3
TK-10899,บางแค,ถนน,ถนนเป็นหลุมบ่อ,ฝ่ายโยธา,4,6.15,4324.6,6.48,Scheduled Project,3
TK-10851,บางแค,จราจร,ป้ายจราจรชำรุด,สำนักการจราจรและขนส่ง,4,6.15,4324.6,6.48,Scheduled Project,3
TK-10997,ดินแดง,ทางเท้า,กระเบื้องแตก,ฝ่ายโยธา,3,3.17,13293.3,6.42,Routine Maintenance,4
TK-10920,จตุจักร,จราจร,ป้ายจราจรชำรุด,สำนักการจราจรและขนส่ง,4,5.7,4673.4,6.37,Scheduled Project,3
TK-10926,ป้อมปราบศัตรูพ่าย,ไฟฟ้า,เสาไฟเอียง,การไฟฟ้านครหลวง,1,6.34,20357.3,6.34,Scheduled Project,3
TK-10888,คลองเตย,ความสะอาด,ขยะตกค้าง,ฝ่ายรักษาความสะอาดฯ,5,3.28,6960.6,6.31,Routine Maintenance,4
TK-10877,วัฒนา,ถนน,ผิวถนนชำรุด,ฝ่ายโยธา,3,5.73,6432.9,6.19,Scheduled Project,3
TK-10938,บางแค,ถนน,ถนนเป็นหลุมบ่อ,ฝ่ายโยธา,4,5.86,4324.6,6.17,Scheduled Project,3
TK-10801,บางแค,ถนน,ถนนเป็นหลุมบ่อ,ฝ่ายโยธา,4,5.78,4324.6,6.09,Scheduled Project,3
TK-10958,วัฒนา,ท่อระบายน้ำ,ท่อระบายน้ำอุดตัน,สำนักการระบายน้ำ,3,5.56,6432.9,6.01,Scheduled Project,3
TK-10820,คลองเตย,ทางเท้า,กระเบื้องแตก,ฝ่ายโยธา,5,3.1,6960.6,5.96,Routine Maintenance,4
TK-10848,วัฒนา,ถนน,ผิวถนนชำรุด,ฝ่ายโยธา,3,5.5,6432.9,5.94,Scheduled Project,3
TK-10831,บางรัก,จราจร,สัญญาณไฟจราจรเสีย,สำนักการจราจรและขนส่ง,2,6.8,7932.4,5.84,Scheduled Project,3
TK-10802,บางแค,ถนน,ผิวถนนชำรุด,ฝ่ายโยธา,4,5.52,4324.6,5.82,Scheduled Project,3
TK-10847,บางรัก,ไฟฟ้า,สายไฟห้อยระโยงระยาง,การไฟฟ้านครหลวง,2,6.77,7932.4,5.81,Scheduled Project,3
TK-10989,บางแค,ท่อระบายน้ำ,ฝาท่อชำรุด,สำนักการระบายน้ำ,4,5.5,4324.6,5.8,Scheduled Project,3
TK-10963,วัฒนา,ความสะอาด,ขยะตกค้าง,ฝ่ายรักษาความสะอาดฯ,5,3.09,6432.9,5.57,Routine Maintenance,4
TK-10844,จตุจักร,ไฟฟ้า,เสาไฟเอียง,การไฟฟ้านครหลวง,3,6.31,4673.4,5.29,Scheduled Project,3
TK-10901,จตุจักร,จราจร,สัญญาณไฟจราจรเสีย,สำนักการจราจรและขนส่ง,3,6.11,4673.4,5.12,Scheduled Project,3
TK-10829,บางรัก,ท่อระบายน้ำ,ท่อระบายน้ำอุดตัน,สำนักการระบายน้ำ,2,5.75,7932.4,4.94,Scheduled Project,3
TK-10913,คลองเตย,ถนน,ถนนทรุดตัว,ฝ่ายโยธา,2,6.4,6960.6,4.92,Scheduled Project,3
TK-10974,วัฒนา,ทางเท้า,กระเบื้องแตก,ฝ่ายโยธา,4,3.4,6432.9,4.9,Routine Maintenance,4
TK-10955,คลองเตย,จราจร,ป้ายจราจรชำรุด,สำนักการจราจรและขนส่ง,2,6.29,6960.6,4.84,Scheduled Project,3
TK-10810,คลองเตย,จราจร,ป้ายจราจรชำรุด,สำนักการจราจรและขนส่ง,2,6.2,6960.6,4.77,Scheduled Project,3
TK-10871,บางแค,ทางเท้า,สิ่งกีดขวางบนทางเท้า,ฝ่ายโยธา,5,3.58,4324.6,4.72,Routine Maintenance,4
TK-10922,บางแค,ท่อระบายน้ำ,ท่อระบายน้ำอุดตัน,สำนักการระบายน้ำ,3,5.94,4324.6,4.69,Scheduled Project,3
TK-10860,สัมพันธวงศ์,ทางเท้า,ทางเท้าทรุด,ฝ่ายโยธา,2,3.11,14242.9,4.47,Routine Maintenance,4
TK-10880,บางแค,ท่อระบายน้ำ,น้ำล้นผิวถนน,สำนักการระบายน้ำ,3,5.66,4324.6,4.47,Scheduled Project,3
TK-10944,บางรัก,ความสะอาด,ตัดแต่งกิ่งไม้,ฝ่ายรักษาความสะอาดฯ,3,3.45,7932.4,4.44,Routine Maintenance,4
TK-10836,วัฒนา,ไฟฟ้า,ไฟฟ้าส่องสว่างดับ,การไฟฟ้านครหลวง,2,6.14,6432.9,4.42,Scheduled Project,3
TK-10859,จตุจักร,ความสะอาด,กวาดล้างทำความสะอาด,ฝ่ายรักษาความสะอาดฯ,5,3.1,4673.4,4.33,Routine Maintenance,4
TK-10987,ดินแดง,จราจร,เส้นจราจรเลือนราง,สำนักการจราจรและขนส่ง,1,6.23,13293.3,4.21,Scheduled Project,3
TK-10946,ดินแดง,ความสะอาด,ขยะตกค้าง,ฝ่ายรักษาความสะอาดฯ,2,3.07,13293.3,4.15,Routine Maintenance,4
TK-10951,ดินแดง,จราจร,เส้นจราจรเลือนราง,สำนักการจราจรและขนส่ง,1,6.08,13293.3,4.11,Scheduled Project,3
TK-10863,ดินแดง,ทางเท้า,กระเบื้องแตก,ฝ่ายโยธา,2,3.02,13293.3,4.08,Routine Maintenance,4
TK-10947,ดินแดง,จราจร,สัญญาณไฟจราจรเสีย,สำนักการจราจรและขนส่ง,1,6.03,13293.3,4.07,Scheduled Project,3
TK-10904,บางแค,ทางเท้า,กระเบื้องแตก,ฝ่ายโยธา,5,3.07,4324.6,4.04,Routine Maintenance,4
TK-10924,วัฒนา,ท่อระบายน้ำ,น้ำล้นผิวถนน,สำนักการระบายน้ำ,2,5.58,6432.9,4.02,Scheduled Project,3
TK-10971,วัฒนา,ท่อระบายน้ำ,ฝาท่อชำรุด,สำนักการระบายน้ำ,2,5.49,6432.9,3.96,Scheduled Project,3
TK-10978,จตุจักร,ความสะอาด,กวาดล้างทำความสะอาด,ฝ่ายรักษาความสะอาดฯ,5,2.79,4673.4,3.9,Routine Maintenance,4
TK-10937,วัฒนา,ทางเท้า,กระเบื้องแตก,ฝ่ายโยธา,4,2.65,6432.9,3.82,Routine Maintenance,4
TK-10825,จตุจักร,ไฟฟ้า,สายไฟห้อยระโยงระยาง,การไฟฟ้านครหลวง,2,6.64,4673.4,3.71,Scheduled Project,3
TK-10973,จตุจักร,ทางเท้า,ทางเท้าทรุด,ฝ่ายโยธา,4,3.21,4673.4,3.59,Routine Maintenance,4
TK-10873,บางแค,ทางเท้า,กระเบื้องแตก,ฝ่ายโยธา,4,3.37,4324.6,3.55,Routine Maintenance,4
TK-10878,บางรัก,ความสะอาด,ขยะตกค้าง,ฝ่ายรักษาความสะอาดฯ,2,4.13,7932.4,3.54,Scheduled Project,3
TK-10930,จตุจักร,ท่อระบายน้ำ,ฝาท่อชำรุด,สำนักการระบายน้ำ,2,6.32,4673.4,3.53,Scheduled Project,3
TK-10986,วัฒนา,ความสะอาด,ขยะตกค้าง,ฝ่ายรักษาความสะอาดฯ,3,3.15,6432.9,3.4,Routine Maintenance,4
TK-10897,จตุจักร,ถนน,ถนนเป็นหลุมบ่อ,ฝ่ายโยธา,2,6.03,4673.4,3.37,Scheduled Project,3
TK-10983,บางแค,ทางเท้า,ทางเท้าทรุด,ฝ่ายโยธา,4,3.2,4324.6,3.37,Routine Maintenance,4
TK-10849,บางรัก,ความสะอาด,ขยะตกค้าง,ฝ่ายรักษาความสะอาดฯ,2,3.88,7932.4,3.33,Routine Maintenance,4
TK-10952,บางแค,ถนน,ถนนทรุดตัว,ฝ่ายโยธา,2,6.32,4324.6,3.33,Scheduled Project,3
TK-10965,บางแค,จราจร,สัญญาณไฟจราจรเสีย,สำนักการจราจรและขนส่ง,2,6.14,4324.6,3.23,Scheduled Project,3
TK-10881,บางแค,ไฟฟ้า,สายไฟห้อยระโยงระยาง,การไฟฟ้านครหลวง,2,6.09,4324.6,3.21,Scheduled Project,3
TK-10862,หนองจอก,ไฟฟ้า,เสาไฟเอียง,การไฟฟ้านครหลวง,5,6.33,767.7,3.17,Scheduled Project,3
TK-10838,หนองจอก,ท่อระบายน้ำ,ฝาท่อชำรุด,สำนักการระบายน้ำ,5,6.21,767.7,3.1,Scheduled Project,3
TK-10815,ป้อมปราบศัตรูพ่าย,ทางเท้า,ทางเท้าทรุด,ฝ่ายโยธา,1,3.07,20357.3,3.07,Routine Maintenance,4
TK-10923,จตุจักร,ความสะอาด,กวาดล้างทำความสะอาด,ฝ่ายรักษาความสะอาดฯ,4,2.71,4673.4,3.03,Routine Maintenance,4
TK-10870,หนองจอก,ท่อระบายน้ำ,ท่อระบายน้ำอุดตัน,สำนักการระบายน้ำ,5,5.92,767.7,2.96,Scheduled Project,3
TK-10902,หนองจอก,ท่อระบายน้ำ,ท่อระบายน้ำอุดตัน,สำนักการระบายน้ำ,5,5.9,767.7,2.95,Scheduled Project,3
TK-10823,บางรัก,ความสะอาด,กวาดล้างทำความสะอาด,ฝ่ายรักษาความสะอาดฯ,2,3.26,7932.4,2.8,Routine Maintenance,4
TK-10906,บางรัก,จราจร,สัญญาณไฟจราจรเสีย,สำนักการจราจรและขนส่ง,1,6.49,7932.4,2.79,Scheduled Project,3
TK-10876,หนองจอก,ไฟฟ้า,ไฟฟ้าส่องสว่างดับ,การไฟฟ้านครหลวง,4,6.65,767.7,2.66,Scheduled Project,3
TK-10806,บางรัก,ไฟฟ้า,ไฟฟ้าส่องสว่างดับ,การไฟฟ้านครหลวง,1,6.2,7932.4,2.66,Scheduled Project,3
TK-10975,บางรัก,ทางเท้า,สิ่งกีดขวางบนทางเท้า,ฝ่ายโยธา,2,3.04,7932.4,2.61,Routine Maintenance,4
TK-10931,บางรัก,ท่อระบายน้ำ,ฝาท่อชำรุด,สำนักการระบายน้ำ,1,5.67,7932.4,2.43,Scheduled Project,3
TK-10830,หนองจอก,ท่อระบายน้ำ,ฝาท่อชำรุด,สำนักการระบายน้ำ,4,6.04,767.7,2.42,Scheduled Project,3
TK-10907,วัฒนา,ไฟฟ้า,เสาไฟเอียง,การไฟฟ้านครหลวง,1,6.66,6432.9,2.4,Scheduled Project,3
TK-10853,หนองจอก,จราจร,สัญญาณไฟจราจรเสีย,สำนักการจราจรและขนส่ง,4,5.93,767.7,2.37,Scheduled Project,3
TK-10953,คลองเตย,ถนน,ถนนทรุดตัว,ฝ่ายโยธา,1,6.12,6960.6,2.35,Scheduled Project,3
TK-10866,บางรัก,ท่อระบายน้ำ,ฝาท่อชำรุด,สำนักการระบายน้ำ,1,5.45,7932.4,2.34,Scheduled Project,3
TK-10911,สัมพันธวงศ์,ความสะอาด,ขยะตกค้าง,ฝ่ายรักษาความสะอาดฯ,1,3.22,14242.9,2.32,Routine Maintenance,4
TK-10892,คลองเตย,ไฟฟ้า,ไฟฟ้าส่องสว่างดับ,การไฟฟ้านครหลวง,1,5.85,6960.6,2.25,Scheduled Project,3
TK-10998,คลองเตย,ไฟฟ้า,ไฟฟ้าส่องสว่างดับ,การไฟฟ้านครหลวง,1,5.73,6960.6,2.2,Scheduled Project,3
TK-10839,จตุจักร,ความสะอาด,กวาดล้างทำความสะอาด,ฝ่ายรักษาความสะอาดฯ,3,2.6,4673.4,2.18,Routine Maintenance,4
TK-10917,สัมพันธวงศ์,ทางเท้า,สิ่งกีดขวางบนทางเท้า,ฝ่ายโยธา,1,3.02,14242.9,2.17,Routine Maintenance,4
TK-10914,วัฒนา,จราจร,ป้ายจราจรชำรุด,สำนักการจราจรและขนส่ง,1,6.0,6432.9,2.16,Scheduled Project,3
TK-10864,คลองเตย,จราจร,เส้นจราจรเลือนราง,สำนักการจราจรและขนส่ง,1,5.54,6960.6,2.13,Scheduled Project,3
TK-10868,คลองเตย,ความสะอาด,กวาดล้างทำความสะอาด,ฝ่ายรักษาความสะอาดฯ,2,2.75,6960.6,2.11,Routine Maintenance,4
TK-10960,วัฒนา,ท่อระบายน้ำ,ท่อระบายน้ำอุดตัน,สำนักการระบายน้ำ,1,5.8,6432.9,2.09,Scheduled Project,3
TK-10821,วัฒนา,ท่อระบายน้ำ,ฝาท่อชำรุด,สำนักการระบายน้ำ,1,5.51,6432.9,1.99,Scheduled Project,3
TK-10985,จตุจักร,ความสะอาด,ขยะตกค้าง,ฝ่ายรักษาความสะอาดฯ,2,3.43,4673.4,1.92,Routine Maintenance,4
TK-10994,หนองจอก,ทางเท้า,กระเบื้องแตก,ฝ่ายโยธา,5,3.82,767.7,1.91,Routine Maintenance,4
TK-10887,หนองจอก,จราจร,สัญญาณไฟจราจรเสีย,สำนักการจราจรและขนส่ง,3,6.07,767.7,1.82,Scheduled Project,3
TK-10811,หนองจอก,ทางเท้า,ทางเท้าทรุด,ฝ่ายโยธา,5,3.52,767.7,1.76,Routine Maintenance,4
TK-10898,จตุจักร,จราจร,สัญญาณไฟจราจรเสีย,สำนักการจราจรและขนส่ง,1,6.17,4673.4,1.72,Scheduled Project,3
TK-10966,บางแค,ทางเท้า,ทางเท้าทรุด,ฝ่ายโยธา,2,3.16,4324.6,1.66,Routine Maintenance,4
TK-10832,จตุจักร,ท่อระบายน้ำ,น้ำล้นผิวถนน,สำนักการระบายน้ำ,1,5.91,4673.4,1.65,Scheduled Project,3
TK-10807,บางแค,ถนน,ผิวถนนชำรุด,ฝ่ายโยธา,1,6.11,4324.6,1.61,Scheduled Project,3
TK-10964,จตุจักร,ความสะอาด,กวาดล้างทำความสะอาด,ฝ่ายรักษาความสะอาดฯ,2,2.81,4673.4,1.57,Routine Maintenance,4
TK-10900,จตุจักร,ความสะอาด,กวาดล้างทำความสะอาด,ฝ่ายรักษาความสะอาดฯ,2,2.78,4673.4,1.55,Routine Maintenance,4
TK-10980,บางแค,ท่อระบายน้ำ,ท่อระบายน้ำอุดตัน,สำนักการระบายน้ำ,1,5.79,4324.6,1.53,Scheduled Project,3
TK-10817,จตุจักร,ถนน,ผิวถนนชำรุด,ฝ่ายโยธา,1,5.39,4673.4,1.51,Scheduled Project,3
TK-10846,หนองจอก,ความสะอาด,ขยะตกค้าง,ฝ่ายรักษาความสะอาดฯ,4,3.64,767.7,1.46,Routine Maintenance,4
TK-10879,บางรัก,ทางเท้า,ทางเท้าทรุด,ฝ่ายโยธา,1,3.39,7932.4,1.45,Routine Maintenance,4
TK-10886,หนองจอก,ทางเท้า,ทางเท้าทรุด,ฝ่ายโยธา,4,3.37,767.7,1.35,Routine Maintenance,4
TK-10834,หนองจอก,ไฟฟ้า,สายไฟห้อยระโยงระยาง,การไฟฟ้านครหลวง,2,6.67,767.7,1.33,Scheduled Project,3
TK-10841,บางรัก,ความสะอาด,กวาดล้างทำความสะอาด,ฝ่ายรักษาความสะอาดฯ,1,2.99,7932.4,1.28,Routine Maintenance,4
TK-10805,คลองเตย,ความสะอาด,ขยะตกค้าง,ฝ่ายรักษาความสะอาดฯ,1,3.22,6960.6,1.24,Routine Maintenance,4
TK-10885,หนองจอก,จราจร,สัญญาณไฟจราจรเสีย,สำนักการจราจรและขนส่ง,2,6.12,767.7,1.22,Scheduled Project,3
TK-10889,คลองเตย,ความสะอาด,ขยะตกค้าง,ฝ่ายรักษาความสะอาดฯ,1,2.95,6960.6,1.13,Routine Maintenance,4
TK-10977,วัฒนา,ความสะอาด,ตัดแต่งกิ่งไม้,ฝ่ายรักษาความสะอาดฯ,1,3.15,6432.9,1.13,Routine Maintenance,4
TK-10874,คลองเตย,ทางเท้า,ทางเท้าทรุด,ฝ่ายโยธา,1,2.92,6960.6,1.12,Routine Maintenance,4
TK-10982,หนองจอก,ทางเท้า,ทางเท้าทรุด,ฝ่ายโยธา,3,3.61,767.7,1.08,Routine Maintenance,4
TK-10949,หนองจอก,ความสะอาด,ขยะตกค้าง,ฝ่ายรักษาความสะอาดฯ,3,3.3,767.7,0.99,Routine Maintenance,4
TK-10808,จตุจักร,ความสะอาด,ตัดแต่งกิ่งไม้,ฝ่ายรักษาความสะอาดฯ,1,3.09,4673.4,0.86,Routine Maintenance,4
TK-10819,หนองจอก,ความสะอาด,ขยะตกค้าง,ฝ่ายรักษาความสะอาดฯ,2,4.03,767.7,0.81,Scheduled Project,3
TK-10968,จตุจักร,ทางเท้า,สิ่งกีดขวางบนทางเท้า,ฝ่ายโยธา,1,2.81,4673.4,0.79,Routine Maintenance,4
TK-10837,จตุจักร,ทางเท้า,กระเบื้องแตก,ฝ่ายโยธา,1,2.79,4673.4,0.78,Routine Maintenance,4
TK-10816,หนองจอก,ท่อระบายน้ำ,ท่อระบายน้ำอุดตัน,สำนักการระบายน้ำ,1,5.99,767.7,0.6,Scheduled Project,3
TK-10988,หนองจอก,จราจร,ป้ายจราจรชำรุด,สำนักการจราจรและขนส่ง,1,5.93,767.7,0.59,Scheduled Project,3
TK-10883,หนองจอก,ทางเท้า,ทางเท้าทรุด,ฝ่ายโยธา,1,3.21,767.7,0.32,Routine Maintenance,4
TK-10890,หนองจอก,ทางเท้า,สิ่งกีดขวางบนทางเท้า,ฝ่ายโยธา,1,3.12,767.7,0.31,Routine Maintenance,4
