หน่วยงาน,จำนวนเคส,Single MAE (วัน),Spec MAE (วัน),Single MedAE (วัน),Spec MedAE (วัน),MAE Improvement (%),โมเดลที่แม่นยำกว่า
ฝ่ายเทศกิจ,13713,4.69,4.63,2.01,1.81,1.16,Specialized
ฝ่ายโยธา,11661,10.31,10.3,5.67,5.71,0.08,Specialized
สำนักงานเขตทั่วไป,9579,7.18,7.45,2.9,3.78,-3.71,Single
ฝ่ายรักษาความสะอาดฯ,6830,4.68,4.61,2.09,1.94,1.48,Specialized
ฝ่ายสิ่งแวดล้อมฯ,4154,7.88,7.78,4.56,4.38,1.28,Specialized
สำนักการจราจรและขนส่ง,1524,8.81,9.03,3.87,4.2,-2.44,Single
การไฟฟ้านครหลวง,768,10.62,10.79,6.73,6.4,-1.64,Single
สำนักการระบายน้ำ,495,6.19,6.08,2.68,2.59,1.75,Specialized
การประปานครหลวง,286,11.25,11.24,4.48,4.27,0.1,Specialized
