หน่วยงาน,จำนวนเคส,Single MAE,Specialized MAE,Single MedAE,Spec MedAE,MAE Improvement (%)
ฝ่ายโยธา,11661,10.28,10.3,5.42,5.71,-0.19
ฝ่ายรักษาความสะอาดฯ,6830,4.63,4.61,1.98,1.94,0.55
ฝ่ายเทศกิจ,13713,4.66,4.63,1.93,1.81,0.51
ฝ่ายสิ่งแวดล้อมฯ,4154,7.86,7.78,4.56,4.38,0.99
สำนักการระบายน้ำ,495,6.18,6.08,2.6,2.59,1.58
การประปานครหลวง,286,11.25,11.24,4.43,4.27,0.07
สำนักการจราจรและขนส่ง,1524,8.82,9.03,3.79,4.2,-2.3
สำนักงานเขตทั่วไป,9579,7.2,7.45,2.97,3.78,-3.48
การไฟฟ้านครหลวง,768,10.67,10.79,6.72,6.4,-1.21
