district_th,district_en,population,area_sqkm,pop_density
ป้อมปราบศัตรูพ่าย,Pom Prap Sattru Phai,40050,1.93,20751.3
สัมพันธวงศ์,Samphanthawong,20710,1.42,14584.5
ดินแดง,Din Daeng,112390,8.35,13459.9
ธนบุรี,Thon Buri,98120,8.55,11476.0
บางกอกน้อย,Bangkok Noi,103550,11.94,8672.5
คลองสาน,Khlong San,63520,6.05,10499.2
บางกอกใหญ่,Bangkok Yai,60120,6.18,9728.2
พญาไท,Phaya Thai,62980,9.60,6560.4
ราชเทวี,Ratchathewi,65410,7.13,9173.9
ดุสิต,Dusit,79800,10.70,7457.9
พระนคร,Phra Nakhon,44500,5.54,8032.5
บางรัก,Bang Rak,44200,5.54,7978.3
สาทร,Sathon,74800,9.33,8017.1
บางพลัด,Bang Phlat,85600,11.36,7535.2
ยานนาวา,Yannawa,73900,16.66,4435.8
วัฒนา,Watthana,81200,12.57,6460.0
คลองเตย,Khlong Toei,97500,13.00,7500.0
ภาษีเจริญ,Phasi Charoen,119400,17.83,6696.6
บางคอแหลม,Bang Kho Laem,78200,10.92,7161.2
ราษฎร์บูรณะ,Rat Burana,75400,15.78,4778.2
จอมทอง,Chom Thong,140200,26.27,5336.9
บางซื่อ,Bang Sue,115300,11.55,9982.7
ห้วยขวาง,Huai Khwang,84300,15.03,5608.8
จตุจักร,Chatuchak,151200,32.91,4594.3
บางกะปิ,Bang Kapi,141600,28.52,4964.9
บางเขน,Bang Khen,191500,42.12,4546.5
บึงกุ่ม,Bueng Kum,138500,24.31,5697.2
สวนหลวง,Suan Luang,122100,23.68,5156.3
วังทองหลาง,Wang Thonglang,104500,18.91,5526.2
หลักสี่,Lak Si,98700,22.84,4321.4
ดอนเมือง,Don Mueang,170400,36.80,4630.4
สายไหม,Sai Mai,208300,44.62,4668.3
คันนายาว,Khanna Yao,98600,25.98,3795.2
สะพานสูง,Saphan Sung,96100,28.12,3417.5
ลาดพร้าว,Lat Phrao,117200,21.56,5435.9
ประเวศ,Prawet,182500,52.49,3476.9
พระโขนง,Phra Khanong,85300,13.99,6097.2
บางนา,Bang Na,87400,18.79,4651.4
ทุ่งครุ,Thung Khru,124200,30.74,4040.3
หนองแขม,Nong Khaem,156400,35.83,4365.1
บางแค,Bang Khae,191800,44.46,4314.0
บางบอน,Bang Bon,104900,34.75,3018.7
มีนบุรี,Min Buri,142700,63.65,2241.9
ตลิ่งชัน,Taling Chan,102800,29.48,3487.1
ทวีวัฒนา,Thawi Watthana,79500,50.22,1583.0
คลองสามวา,Khlong Sam Wa,205800,110.69,1859.2
ลาดกระบัง,Lat Krabang,176500,123.86,1425.0
บางขุนเทียน,Bang Khun Thian,183200,120.69,1518.0
หนองจอก,Nong Chok,182100,236.26,770.8
ปทุมวัน,Pathum Wan,46800,8.37,5591.4
